Benchmark,Status,Duration,LogFile
Basic Async,FAILED,N/A,benchmarks/logs/Basic_Async_20251030_152023.log
Channels,FAILED,N/A,benchmarks/logs/Channels_20251030_152023.log
Full System,FAILED,N/A,benchmarks/logs/Full_System_20251030_152023.log
Streams,FAILED,N/A,benchmarks/logs/Streams_20251030_152023.log
Taskgroup,FAILED,N/A,benchmarks/logs/Taskgroup_20251030_152023.log
Benchmark Stress,FAILED,N/A,benchmarks/logs/Benchmark_Stress_20251030_152023.log
Metrics Logger,FAILED,N/A,benchmarks/logs/Metrics_Logger_20251030_152023.log
Test Benchmarks,FAILED,N/A,benchmarks/logs/Test_Benchmarks_20251030_152023.log
Extreme Stress Test,FAILED,N/A,benchmarks/logs/Extreme_Stress_Test_20251030_152023.log
Stress Test Select,FAILED,N/A,benchmarks/logs/Stress_Test_Select_20251030_152023.log
Bench Select,FAILED,N/A,benchmarks/logs/Bench_Select_20251030_152023.log
